Brand,Columbia
Brand,FOCO
Brand,Outerstuff
Brand,Ultra Game
Brand,New Era
Brand,Junk Food
Brand,Junk Food Clothing
Brand,Venley
Brand,Dallas Cowboys
Brand,Wes & Willy
Brand,Mercedes
Brand,Nike
Brand,Ferrari
Brand,Champion
Brand,adidas
Brand,Wes and Willy
Clothing Material,Acrylic
Clothing Material,Cashmere
Clothing Material,Cotton
Clothing Material,Fur
Clothing Material,Latex
Clothing Material,Leather
Clothing Material,Linen
Clothing Material,Neoprene
Clothing Material,Nylon
Clothing Material,Polyester
Clothing Material,Rayon
Clothing Material,Silk
Clothing Material,Spandex
Clothing Material,Suede
Clothing Material,Wool
Neck Style,Asymmetric Neck
Neck Style,Boat Neck
Neck Style,Choker Neck
Neck Style,Collared Neck
Neck Style,Cowl Neck
Neck Style,Crew Neck
Neck Style,Halter Neck
Neck Style,Henley Neck
Neck Style,High Neck
Neck Style,Hooded Neck
Neck Style,Jewel Neck
Neck Style,Keyhole Neck
Neck Style,Mock Neck
Neck Style,Notch Neck
Neck Style,Off Shoulder Neck
Neck Style,One Shoulder Neck
Neck Style,Scoop Neck
Neck Style,Shawl Neck
Neck Style,Square Neck
Neck Style,Sweetheart Neck
Neck Style,Tie Neck
Neck Style,Turtle Neck
Neck Style,V Neck
Shirt Closure Type,Buckle
Shirt Closure Type,Button
Shirt Closure Type,Double Ring
Shirt Closure Type,Drawstring
Shirt Closure Type,Hook and Eye
Shirt Closure Type,Hook and Loop
Shirt Closure Type,Magnetic
Shirt Closure Type,Pull On
Shirt Closure Type,Snap
Shirt Closure Type,Zipper
Shirt Fit Type,Fitted
Shirt Fit Type,Loose
Shirt Pocket Description,Cargo Pocket
Shirt Pocket Description,Flap Pocket
Shirt Pocket Description,Slant Pocket
Shirt Pocket Description,Slit Pocket
Shirt Special Features,Adjustable
Shirt Special Features,Breathable
Shirt Special Features,Lightweight
Shirt Special Features,Sun Protection
Sports Apparel Size,XS
Sports Apparel Size,S
Sports Apparel Size,M
Sports Apparel Size,X-Large
Sports Apparel Size,XL
Sports Apparel Size,2XL
Sports Apparel Size,3XL
Sports Equipment User,Men
Sports Equipment User,Women
Sports Equipment User,Men's
Sports Equipment User,Ladie's
Sports Equipment User,Womans
Sports Equipment User,Lady
Sports Equipment User,Teen
Sports Equipment User,Women's
Sports Equipment User,Unisex
Sports Equipment User,Youth
Sports Equipment User,Kid's
Sports Equipment User,Girls
Sports Equipment User,Boys'
Sports Equipment User,Toddler
Sports Equipment User,Mens
Sports Equipment User,Womens
Sports Equipment User,Adult
Sports Equipment User,Boys
Sports Equipment User,Girl
Sports Equipment User,Ladies
Sports Equipment User,Kids
Sports League & Team,NFL
Sports League & Team,NBA
Sports League & Team,NHL
Sports League & Team,International Soccer
Sports League & Team,NCAA
Sports League & Team,MLB
Sports League & Team,MMA
Sports League & Team,UCF
Sports League & Team,NASCAR
Sports League & Team,MLS
Color,Black
Color,Gray
Color,White
Color,Brown
Color,Beige
Color,Red
Color,Pink
Color,Orange
Color,Yellow
Color,Ivory
Color,Green
Color,Blue
Color,Purple
Color,Gold
Color,Silver
Location,Virginia
Location,Texas
Location,Georgia
Location,Alabama
Location,Seattle
Location,Washington
Location,Jersey
Location,Oklahoma
Location,New York
Location,Los Angeles
Location,San Francisco
Location,Kansas
Location,England
Location,Pittsburg
Location,Arizona
Location,Cleveland
Location,Minnesota
Location,Philadelphia
Location,Tennessee
Location,Indianapolis
Location,Las Vegas
Location,Cincinnati
Location,Jacksonville
Location,Denver
Location,New Orleans
Location,Chicago
Location,Green Bay
Location,Atlanta
Location,Baltimore
Location,Grand Canyon
Location,Texas
Location,Michigan
Location,San Diego
Location,Iowa
Location,Tulsa
Location,Dallas
Location,Clemson
Location,South Carolina
Location,Boston
Location,Missouri
Location,NC
Location,Auburn
Location,Colorado
Location,Mississippi
Location,Arkansas
Location,Syracuse
Location,Fresno
Location,Villanova
Location,Florida
Location,Brigham
Location,Madison
Location,Oregon
Location,Nebraska
Location,Illinois
Location,USA
Location,Miami
Location,Barcelona
Location,California
Location,Toronto